"","service","years","censor"
"1","salloon",1,"interval"
"2","salloon",1,"interval"
"3","salloon",1,"interval"
"4","salloon",1,"interval"
"5","salloon",1,"interval"
"6","salloon",1,"interval"
"7","salloon",1,"interval"
"8","salloon",1,"interval"
"9","salloon",1,"interval"
"10","salloon",1,"interval"
"11","salloon",1,"interval"
"12","salloon",1,"interval"
"13","salloon",1,"interval"
"14","salloon",1,"interval"
"15","salloon",1,"interval"
"16","salloon",1,"interval"
"17","salloon",1,"interval"
"18","salloon",1,"interval"
"19","salloon",1,"interval"
"20","salloon",1,"interval"
"21","salloon",1,"interval"
"22","salloon",1,"interval"
"23","salloon",1,"interval"
"24","salloon",1,"interval"
"25","salloon",1,"interval"
"26","salloon",1,"interval"
"27","salloon",1,"interval"
"28","salloon",1,"interval"
"29","salloon",1,"interval"
"30","salloon",1,"interval"
"31","salloon",1,"interval"
"32","salloon",1,"interval"
"33","salloon",1,"interval"
"34","salloon",1,"interval"
"35","salloon",1,"interval"
"36","salloon",1,"interval"
"37","salloon",1,"interval"
"38","salloon",1,"interval"
"39","salloon",1,"interval"
"40","salloon",1,"interval"
"41","salloon",1,"interval"
"42","salloon",1,"interval"
"43","salloon",1,"interval"
"44","salloon",1,"interval"
"45","salloon",1,"interval"
"46","salloon",1,"interval"
"47","salloon",1,"interval"
"48","salloon",1,"interval"
"49","salloon",1,"interval"
"50","salloon",1,"interval"
"51","salloon",1,"interval"
"52","salloon",1,"interval"
"53","salloon",1,"interval"
"54","salloon",1,"interval"
"55","salloon",1,"interval"
"56","salloon",1,"interval"
"57","salloon",1,"interval"
"58","salloon",1,"interval"
"59","salloon",1,"interval"
"60","salloon",1,"interval"
"61","salloon",1,"interval"
"62","salloon",1,"interval"
"63","salloon",1,"interval"
"64","salloon",1,"interval"
"65","salloon",1,"interval"
"66","salloon",1,"interval"
"67","salloon",1,"interval"
"68","salloon",1,"interval"
"69","salloon",1,"interval"
"70","salloon",1,"interval"
"71","salloon",1,"interval"
"72","salloon",1,"interval"
"73","salloon",1,"interval"
"74","salloon",1,"interval"
"75","salloon",1,"interval"
"76","salloon",1,"interval"
"77","salloon",1,"interval"
"78","salloon",1,"interval"
"79","salloon",1,"interval"
"80","salloon",1,"interval"
"81","salloon",1,"interval"
"82","salloon",1,"interval"
"83","salloon",1,"interval"
"84","salloon",1,"interval"
"85","salloon",1,"interval"
"86","salloon",1,"interval"
"87","salloon",1,"interval"
"88","salloon",1,"interval"
"89","salloon",1,"interval"
"90","salloon",1,"interval"
"91","salloon",1,"interval"
"92","salloon",1,"interval"
"93","salloon",1,"interval"
"94","salloon",1,"interval"
"95","salloon",1,"interval"
"96","salloon",1,"interval"
"97","salloon",1,"interval"
"98","salloon",1,"interval"
"99","salloon",1,"interval"
"100","salloon",1,"interval"
"101","salloon",1,"interval"
"102","salloon",1,"interval"
"103","salloon",1,"interval"
"104","salloon",1,"interval"
"105","salloon",1,"interval"
"106","salloon",1,"interval"
"107","salloon",1,"interval"
"108","salloon",1,"interval"
"109","salloon",1,"interval"
"110","salloon",1,"interval"
"111","salloon",1,"interval"
"112","salloon",1,"interval"
"113","salloon",1,"interval"
"114","salloon",1,"interval"
"115","salloon",1,"interval"
"116","salloon",1,"interval"
"117","salloon",1,"interval"
"118","salloon",1,"interval"
"119","salloon",1,"interval"
"120","salloon",1,"interval"
"121","salloon",1,"interval"
"122","salloon",1,"interval"
"123","salloon",1,"interval"
"124","salloon",1,"interval"
"125","salloon",1,"interval"
"126","salloon",1,"interval"
"127","salloon",1,"interval"
"128","salloon",1,"interval"
"129","salloon",1,"interval"
"130","salloon",1,"interval"
"131","salloon",1,"interval"
"132","salloon",1,"interval"
"133","salloon",1,"interval"
"134","salloon",1,"interval"
"135","salloon",1,"interval"
"136","salloon",1,"interval"
"137","salloon",1,"interval"
"138","salloon",1,"interval"
"139","salloon",1,"interval"
"140","salloon",1,"interval"
"141","salloon",1,"interval"
"142","salloon",1,"interval"
"143","salloon",1,"interval"
"144","salloon",1,"interval"
"145","salloon",1,"interval"
"146","salloon",1,"interval"
"147","salloon",1,"interval"
"148","salloon",1,"interval"
"149","salloon",1,"interval"
"150","salloon",1,"interval"
"151","salloon",1,"interval"
"152","salloon",1,"interval"
"153","salloon",1,"interval"
"154","salloon",1,"interval"
"155","salloon",1,"interval"
"156","salloon",1,"interval"
"157","salloon",1,"interval"
"158","salloon",1,"interval"
"159","salloon",1,"interval"
"160","salloon",1,"interval"
"161","salloon",1,"interval"
"162","salloon",1,"interval"
"163","salloon",1,"interval"
"164","salloon",1,"interval"
"165","salloon",1,"interval"
"166","salloon",1,"interval"
"167","salloon",1,"interval"
"168","salloon",1,"interval"
"169","salloon",1,"interval"
"170","salloon",1,"interval"
"171","salloon",1,"interval"
"172","salloon",1,"interval"
"173","salloon",1,"interval"
"174","salloon",1,"interval"
"175","salloon",1,"interval"
"176","salloon",1,"interval"
"177","salloon",1,"interval"
"178","salloon",1,"interval"
"179","salloon",1,"interval"
"180","salloon",1,"interval"
"181","salloon",1,"interval"
"182","salloon",1,"interval"
"183","salloon",1,"interval"
"184","salloon",1,"interval"
"185","salloon",1,"interval"
"186","salloon",1,"interval"
"187","salloon",1,"interval"
"188","salloon",1,"interval"
"189","salloon",1,"interval"
"190","salloon",1,"interval"
"191","salloon",1,"interval"
"192","salloon",1,"interval"
"193","salloon",1,"interval"
"194","salloon",1,"interval"
"195","salloon",1,"interval"
"196","salloon",1,"interval"
"197","salloon",1,"interval"
"198","salloon",1,"interval"
"199","salloon",1,"interval"
"200","salloon",1,"interval"
"201","salloon",1,"interval"
"202","salloon",1,"interval"
"203","salloon",1,"interval"
"204","salloon",1,"interval"
"205","salloon",1,"interval"
"206","salloon",1,"interval"
"207","salloon",1,"interval"
"208","salloon",1,"interval"
"209","salloon",1,"interval"
"210","salloon",1,"interval"
"211","salloon",1,"interval"
"212","salloon",1,"interval"
"213","salloon",1,"interval"
"214","salloon",1,"interval"
"215","salloon",1,"interval"
"216","salloon",1,"interval"
"217","salloon",1,"interval"
"218","salloon",1,"interval"
"219","salloon",1,"interval"
"220","salloon",1,"interval"
"221","salloon",1,"interval"
"222","salloon",1,"interval"
"223","salloon",1,"interval"
"224","salloon",1,"interval"
"225","salloon",1,"interval"
"226","salloon",1,"interval"
"227","salloon",1,"interval"
"228","salloon",1,"interval"
"229","salloon",1,"interval"
"230","salloon",1,"interval"
"231","salloon",1,"interval"
"232","salloon",1,"interval"
"233","salloon",1,"interval"
"234","salloon",1,"interval"
"235","salloon",1,"interval"
"236","salloon",2,"interval"
"237","salloon",2,"interval"
"238","salloon",2,"interval"
"239","salloon",2,"interval"
"240","salloon",2,"interval"
"241","salloon",2,"interval"
"242","salloon",2,"interval"
"243","salloon",2,"interval"
"244","salloon",2,"interval"
"245","salloon",2,"interval"
"246","salloon",2,"interval"
"247","salloon",2,"interval"
"248","salloon",2,"interval"
"249","salloon",2,"interval"
"250","salloon",2,"interval"
"251","salloon",2,"interval"
"252","salloon",2,"interval"
"253","salloon",2,"interval"
"254","salloon",2,"interval"
"255","salloon",2,"interval"
"256","salloon",2,"interval"
"257","salloon",2,"interval"
"258","salloon",2,"interval"
"259","salloon",2,"interval"
"260","salloon",2,"interval"
"261","salloon",2,"interval"
"262","salloon",2,"interval"
"263","salloon",2,"interval"
"264","salloon",2,"interval"
"265","salloon",2,"interval"
"266","salloon",2,"interval"
"267","salloon",2,"interval"
"268","salloon",2,"interval"
"269","salloon",2,"interval"
"270","salloon",2,"interval"
"271","salloon",2,"interval"
"272","salloon",2,"interval"
"273","salloon",2,"interval"
"274","salloon",2,"interval"
"275","salloon",2,"interval"
"276","salloon",2,"interval"
"277","salloon",2,"interval"
"278","salloon",2,"interval"
"279","salloon",2,"interval"
"280","salloon",2,"interval"
"281","salloon",2,"interval"
"282","salloon",2,"interval"
"283","salloon",2,"interval"
"284","salloon",2,"interval"
"285","salloon",2,"interval"
"286","salloon",2,"interval"
"287","salloon",2,"interval"
"288","salloon",2,"interval"
"289","salloon",2,"interval"
"290","salloon",2,"interval"
"291","salloon",2,"interval"
"292","salloon",2,"interval"
"293","salloon",2,"interval"
"294","salloon",2,"interval"
"295","salloon",2,"interval"
"296","salloon",2,"interval"
"297","salloon",2,"interval"
"298","salloon",2,"interval"
"299","salloon",2,"interval"
"300","salloon",2,"interval"
"301","salloon",2,"interval"
"302","salloon",2,"interval"
"303","salloon",2,"interval"
"304","salloon",2,"interval"
"305","salloon",2,"interval"
"306","salloon",2,"interval"
"307","salloon",2,"interval"
"308","salloon",2,"interval"
"309","salloon",2,"interval"
"310","salloon",2,"interval"
"311","salloon",2,"interval"
"312","salloon",2,"interval"
"313","salloon",2,"interval"
"314","salloon",2,"interval"
"315","salloon",2,"interval"
"316","salloon",2,"interval"
"317","salloon",2,"interval"
"318","salloon",2,"interval"
"319","salloon",2,"interval"
"320","salloon",2,"interval"
"321","salloon",2,"interval"
"322","salloon",2,"interval"
"323","salloon",2,"interval"
"324","salloon",2,"interval"
"325","salloon",2,"interval"
"326","salloon",2,"interval"
"327","salloon",2,"interval"
"328","salloon",2,"interval"
"329","salloon",2,"interval"
"330","salloon",2,"interval"
"331","salloon",2,"interval"
"332","salloon",2,"interval"
"333","salloon",3,"interval"
"334","salloon",3,"interval"
"335","salloon",3,"interval"
"336","salloon",3,"interval"
"337","salloon",3,"interval"
"338","salloon",3,"interval"
"339","salloon",3,"interval"
"340","salloon",3,"interval"
"341","salloon",3,"interval"
"342","salloon",3,"interval"
"343","salloon",3,"interval"
"344","salloon",3,"interval"
"345","salloon",3,"interval"
"346","salloon",3,"interval"
"347","salloon",3,"interval"
"348","salloon",3,"interval"
"349","salloon",3,"interval"
"350","salloon",3,"interval"
"351","salloon",3,"interval"
"352","salloon",3,"interval"
"353","salloon",3,"interval"
"354","salloon",3,"interval"
"355","salloon",3,"interval"
"356","salloon",3,"interval"
"357","salloon",3,"interval"
"358","salloon",3,"interval"
"359","salloon",3,"interval"
"360","salloon",3,"interval"
"361","salloon",3,"interval"
"362","salloon",3,"interval"
"363","salloon",3,"interval"
"364","salloon",3,"interval"
"365","salloon",3,"interval"
"366","salloon",3,"interval"
"367","salloon",3,"interval"
"368","salloon",3,"interval"
"369","salloon",3,"interval"
"370","salloon",3,"interval"
"371","salloon",3,"interval"
"372","salloon",3,"interval"
"373","salloon",3,"interval"
"374","salloon",3,"interval"
"375","salloon",3,"interval"
"376","salloon",3,"interval"
"377","salloon",3,"interval"
"378","salloon",3,"interval"
"379","salloon",3,"interval"
"380","salloon",3,"interval"
"381","salloon",3,"interval"
"382","salloon",3,"interval"
"383","salloon",3,"interval"
"384","salloon",3,"interval"
"385","salloon",3,"interval"
"386","salloon",3,"interval"
"387","salloon",3,"interval"
"388","salloon",3,"interval"
"389","salloon",3,"interval"
"390","salloon",3,"interval"
"391","salloon",3,"interval"
"392","salloon",4,"interval"
"393","salloon",4,"interval"
"394","salloon",4,"interval"
"395","salloon",4,"interval"
"396","salloon",4,"interval"
"397","salloon",4,"interval"
"398","salloon",4,"interval"
"399","salloon",4,"interval"
"400","salloon",4,"interval"
"401","salloon",4,"interval"
"402","salloon",4,"interval"
"403","salloon",4,"interval"
"404","salloon",4,"interval"
"405","salloon",4,"interval"
"406","salloon",4,"interval"
"407","salloon",4,"interval"
"408","salloon",4,"interval"
"409","salloon",4,"interval"
"410","salloon",4,"interval"
"411","salloon",4,"interval"
"412","salloon",4,"interval"
"413","salloon",4,"interval"
"414","salloon",4,"interval"
"415","salloon",4,"interval"
"416","salloon",4,"interval"
"417","salloon",4,"interval"
"418","salloon",4,"interval"
"419","salloon",4,"interval"
"420","salloon",4,"interval"
"421","salloon",4,"interval"
"422","salloon",4,"interval"
"423","salloon",4,"interval"
"424","salloon",4,"interval"
"425","salloon",4,"interval"
"426","salloon",4,"interval"
"427","salloon",4,"interval"
"428","salloon",4,"interval"
"429","salloon",4,"interval"
"430","salloon",4,"interval"
"431","salloon",4,"interval"
"432","salloon",4,"interval"
"433","salloon",4,"interval"
"434","salloon",5,"interval"
"435","salloon",5,"interval"
"436","salloon",5,"interval"
"437","salloon",5,"interval"
"438","salloon",5,"interval"
"439","salloon",5,"interval"
"440","salloon",5,"interval"
"441","salloon",5,"interval"
"442","salloon",5,"interval"
"443","salloon",5,"interval"
"444","salloon",5,"interval"
"445","salloon",5,"interval"
"446","salloon",5,"interval"
"447","salloon",5,"interval"
"448","salloon",5,"interval"
"449","salloon",5,"interval"
"450","salloon",5,"interval"
"451","salloon",5,"interval"
"452","salloon",5,"interval"
"453","salloon",5,"interval"
"454","salloon",5,"interval"
"455","salloon",5,"interval"
"456","salloon",5,"interval"
"457","salloon",5,"interval"
"458","salloon",5,"interval"
"459","salloon",5,"interval"
"460","salloon",5,"interval"
"461","salloon",5,"interval"
"462","salloon",5,"interval"
"463","salloon",6,"interval"
"464","salloon",6,"interval"
"465","salloon",6,"interval"
"466","salloon",6,"interval"
"467","salloon",6,"interval"
"468","salloon",6,"interval"
"469","salloon",6,"interval"
"470","salloon",6,"interval"
"471","salloon",6,"interval"
"472","salloon",6,"interval"
"473","salloon",6,"interval"
"474","salloon",6,"interval"
"475","salloon",6,"interval"
"476","salloon",6,"interval"
"477","salloon",6,"interval"
"478","salloon",6,"interval"
"479","salloon",6,"interval"
"480","salloon",6,"interval"
"481","salloon",6,"interval"
"482","salloon",6,"interval"
"483","salloon",6,"interval"
"484","salloon",6,"interval"
"485","salloon",6,"interval"
"486","salloon",6,"interval"
"487","salloon",6,"interval"
"488","salloon",7,"interval"
"489","salloon",7,"interval"
"490","salloon",7,"interval"
"491","salloon",7,"interval"
"492","salloon",7,"interval"
"493","salloon",7,"interval"
"494","salloon",7,"interval"
"495","salloon",7,"interval"
"496","salloon",7,"interval"
"497","salloon",7,"interval"
"498","salloon",7,"interval"
"499","salloon",7,"interval"
"500","salloon",7,"interval"
"501","salloon",7,"interval"
"502","salloon",7,"interval"
"503","salloon",7,"interval"
"504","salloon",7,"interval"
"505","salloon",7,"interval"
"506","salloon",7,"interval"
"507","salloon",7,"interval"
"508","salloon",7,"interval"
"509","salloon",7,"interval"
"510","salloon",7,"interval"
"511","salloon",7,"interval"
"512","salloon",8,"interval"
"513","salloon",8,"interval"
"514","salloon",8,"interval"
"515","salloon",8,"interval"
"516","salloon",8,"interval"
"517","salloon",8,"interval"
"518","salloon",8,"interval"
"519","salloon",8,"interval"
"520","salloon",8,"interval"
"521","salloon",8,"interval"
"522","salloon",8,"interval"
"523","salloon",8,"interval"
"524","salloon",8,"interval"
"525","salloon",8,"interval"
"526","salloon",8,"interval"
"527","salloon",8,"interval"
"528","salloon",8,"interval"
"529","salloon",8,"interval"
"530","salloon",9,"interval"
"531","salloon",9,"interval"
"532","salloon",9,"interval"
"533","salloon",9,"interval"
"534","salloon",9,"interval"
"535","salloon",9,"interval"
"536","salloon",9,"interval"
"537","salloon",9,"interval"
"538","salloon",9,"interval"
"539","salloon",9,"interval"
"540","salloon",9,"interval"
"541","salloon",9,"interval"
"542","salloon",9,"interval"
"543","salloon",9,"interval"
"544","salloon",9,"interval"
"545","salloon",9,"interval"
"546","salloon",10,"interval"
"547","salloon",10,"interval"
"548","salloon",10,"interval"
"549","salloon",10,"interval"
"550","salloon",10,"interval"
"551","salloon",10,"interval"
"552","salloon",10,"interval"
"553","salloon",10,"interval"
"554","salloon",10,"interval"
"555","salloon",10,"interval"
"556","salloon",10,"interval"
"557","salloon",10,"interval"
"558","salloon",10,"interval"
"559","salloon",10,"interval"
"560","salloon",11,"censored"
"561","salloon",11,"censored"
"562","salloon",11,"censored"
"563","salloon",11,"censored"
"564","salloon",11,"censored"
"565","salloon",11,"censored"
"566","salloon",11,"censored"
"567","salloon",11,"censored"
"568","salloon",11,"censored"
"569","salloon",11,"censored"
"570","salloon",11,"censored"
"571","salloon",11,"censored"
"572","salloon",11,"censored"
"573","salloon",11,"censored"
"574","salloon",11,"censored"
"575","salloon",11,"censored"
"576","salloon",11,"censored"
"577","salloon",11,"censored"
"578","salloon",11,"censored"
"579","salloon",11,"censored"
"580","salloon",11,"censored"
"581","salloon",11,"censored"
"582","salloon",11,"censored"
"583","salloon",11,"censored"
"584","salloon",11,"censored"
"585","salloon",11,"censored"
"586","salloon",11,"censored"
"587","salloon",11,"censored"
"588","salloon",11,"censored"
"589","salloon",11,"censored"
"590","salloon",11,"censored"
"591","salloon",11,"censored"
"592","salloon",11,"censored"
"593","salloon",11,"censored"
"594","salloon",11,"censored"
"595","salloon",11,"censored"
"596","salloon",11,"censored"
"597","salloon",11,"censored"
"598","salloon",11,"censored"
"599","salloon",11,"censored"
"600","salloon",11,"censored"
"601","salloon",11,"censored"
"602","salloon",11,"censored"
"603","salloon",11,"censored"
"604","salloon",11,"censored"
"605","salloon",11,"censored"
"606","salloon",11,"censored"
"607","salloon",11,"censored"
"608","salloon",11,"censored"
"609","salloon",11,"censored"
"610","salloon",11,"censored"
"611","salloon",11,"censored"
"612","salloon",11,"censored"
"613","salloon",11,"censored"
"614","salloon",11,"censored"
"615","salloon",11,"censored"
"616","salloon",11,"censored"
"617","salloon",11,"censored"
"618","salloon",11,"censored"
"619","salloon",11,"censored"
"620","salloon",11,"censored"
"621","salloon",11,"censored"
"622","salloon",11,"censored"
"623","salloon",11,"censored"
"624","salloon",11,"censored"
"625","salloon",11,"censored"
"626","salloon",11,"censored"
"627","salloon",11,"censored"
"628","salloon",11,"censored"
"629","salloon",11,"censored"
"630","salloon",11,"censored"
"631","salloon",11,"censored"
"632","salloon",11,"censored"
"633","salloon",11,"censored"
"634","salloon",11,"censored"
"635","salloon",11,"censored"
"636","salloon",11,"censored"
"637","salloon",11,"censored"
"638","salloon",11,"censored"
"639","salloon",11,"censored"
"640","salloon",11,"censored"
"641","salloon",11,"censored"
"642","rest",1,"interval"
"643","rest",1,"interval"
"644","rest",1,"interval"
"645","rest",1,"interval"
"646","rest",1,"interval"
"647","rest",1,"interval"
"648","rest",1,"interval"
"649","rest",1,"interval"
"650","rest",1,"interval"
"651","rest",1,"interval"
"652","rest",1,"interval"
"653","rest",1,"interval"
"654","rest",1,"interval"
"655","rest",1,"interval"
"656","rest",1,"interval"
"657","rest",1,"interval"
"658","rest",1,"interval"
"659","rest",1,"interval"
"660","rest",1,"interval"
"661","rest",1,"interval"
"662","rest",1,"interval"
"663","rest",1,"interval"
"664","rest",1,"interval"
"665","rest",1,"interval"
"666","rest",1,"interval"
"667","rest",1,"interval"
"668","rest",1,"interval"
"669","rest",1,"interval"
"670","rest",1,"interval"
"671","rest",1,"interval"
"672","rest",1,"interval"
"673","rest",1,"interval"
"674","rest",1,"interval"
"675","rest",1,"interval"
"676","rest",1,"interval"
"677","rest",1,"interval"
"678","rest",1,"interval"
"679","rest",1,"interval"
"680","rest",1,"interval"
"681","rest",1,"interval"
"682","rest",1,"interval"
"683","rest",1,"interval"
"684","rest",1,"interval"
"685","rest",1,"interval"
"686","rest",1,"interval"
"687","rest",1,"interval"
"688","rest",1,"interval"
"689","rest",1,"interval"
"690","rest",1,"interval"
"691","rest",1,"interval"
"692","rest",1,"interval"
"693","rest",1,"interval"
"694","rest",1,"interval"
"695","rest",1,"interval"
"696","rest",1,"interval"
"697","rest",1,"interval"
"698","rest",1,"interval"
"699","rest",1,"interval"
"700","rest",1,"interval"
"701","rest",1,"interval"
"702","rest",1,"interval"
"703","rest",1,"interval"
"704","rest",1,"interval"
"705","rest",1,"interval"
"706","rest",1,"interval"
"707","rest",1,"interval"
"708","rest",1,"interval"
"709","rest",1,"interval"
"710","rest",1,"interval"
"711","rest",1,"interval"
"712","rest",1,"interval"
"713","rest",1,"interval"
"714","rest",1,"interval"
"715","rest",1,"interval"
"716","rest",1,"interval"
"717","rest",1,"interval"
"718","rest",1,"interval"
"719","rest",1,"interval"
"720","rest",1,"interval"
"721","rest",1,"interval"
"722","rest",1,"interval"
"723","rest",1,"interval"
"724","rest",1,"interval"
"725","rest",1,"interval"
"726","rest",1,"interval"
"727","rest",1,"interval"
"728","rest",1,"interval"
"729","rest",1,"interval"
"730","rest",1,"interval"
"731","rest",1,"interval"
"732","rest",1,"interval"
"733","rest",1,"interval"
"734","rest",1,"interval"
"735","rest",1,"interval"
"736","rest",1,"interval"
"737","rest",1,"interval"
"738","rest",1,"interval"
"739","rest",1,"interval"
"740","rest",1,"interval"
"741","rest",1,"interval"
"742","rest",1,"interval"
"743","rest",1,"interval"
"744","rest",1,"interval"
"745","rest",1,"interval"
"746","rest",1,"interval"
"747","rest",1,"interval"
"748","rest",1,"interval"
"749","rest",1,"interval"
"750","rest",1,"interval"
"751","rest",1,"interval"
"752","rest",1,"interval"
"753","rest",1,"interval"
"754","rest",1,"interval"
"755","rest",1,"interval"
"756","rest",1,"interval"
"757","rest",1,"interval"
"758","rest",1,"interval"
"759","rest",1,"interval"
"760","rest",1,"interval"
"761","rest",1,"interval"
"762","rest",1,"interval"
"763","rest",1,"interval"
"764","rest",1,"interval"
"765","rest",1,"interval"
"766","rest",1,"interval"
"767","rest",1,"interval"
"768","rest",1,"interval"
"769","rest",1,"interval"
"770","rest",1,"interval"
"771","rest",1,"interval"
"772","rest",1,"interval"
"773","rest",1,"interval"
"774","rest",1,"interval"
"775","rest",1,"interval"
"776","rest",1,"interval"
"777","rest",1,"interval"
"778","rest",1,"interval"
"779","rest",1,"interval"
"780","rest",1,"interval"
"781","rest",1,"interval"
"782","rest",1,"interval"
"783","rest",1,"interval"
"784","rest",1,"interval"
"785","rest",2,"interval"
"786","rest",2,"interval"
"787","rest",2,"interval"
"788","rest",2,"interval"
"789","rest",2,"interval"
"790","rest",2,"interval"
"791","rest",2,"interval"
"792","rest",2,"interval"
"793","rest",2,"interval"
"794","rest",2,"interval"
"795","rest",2,"interval"
"796","rest",2,"interval"
"797","rest",2,"interval"
"798","rest",2,"interval"
"799","rest",2,"interval"
"800","rest",2,"interval"
"801","rest",2,"interval"
"802","rest",2,"interval"
"803","rest",2,"interval"
"804","rest",2,"interval"
"805","rest",2,"interval"
"806","rest",2,"interval"
"807","rest",2,"interval"
"808","rest",2,"interval"
"809","rest",2,"interval"
"810","rest",2,"interval"
"811","rest",2,"interval"
"812","rest",2,"interval"
"813","rest",2,"interval"
"814","rest",2,"interval"
"815","rest",2,"interval"
"816","rest",2,"interval"
"817","rest",2,"interval"
"818","rest",2,"interval"
"819","rest",2,"interval"
"820","rest",2,"interval"
"821","rest",2,"interval"
"822","rest",2,"interval"
"823","rest",2,"interval"
"824","rest",2,"interval"
"825","rest",2,"interval"
"826","rest",2,"interval"
"827","rest",2,"interval"
"828","rest",2,"interval"
"829","rest",2,"interval"
"830","rest",2,"interval"
"831","rest",2,"interval"
"832","rest",2,"interval"
"833","rest",2,"interval"
"834","rest",2,"interval"
"835","rest",2,"interval"
"836","rest",2,"interval"
"837","rest",2,"interval"
"838","rest",3,"interval"
"839","rest",3,"interval"
"840","rest",3,"interval"
"841","rest",3,"interval"
"842","rest",3,"interval"
"843","rest",3,"interval"
"844","rest",3,"interval"
"845","rest",3,"interval"
"846","rest",3,"interval"
"847","rest",3,"interval"
"848","rest",3,"interval"
"849","rest",3,"interval"
"850","rest",3,"interval"
"851","rest",3,"interval"
"852","rest",3,"interval"
"853","rest",3,"interval"
"854","rest",3,"interval"
"855","rest",3,"interval"
"856","rest",3,"interval"
"857","rest",3,"interval"
"858","rest",3,"interval"
"859","rest",3,"interval"
"860","rest",3,"interval"
"861","rest",3,"interval"
"862","rest",3,"interval"
"863","rest",3,"interval"
"864","rest",3,"interval"
"865","rest",3,"interval"
"866","rest",3,"interval"
"867","rest",3,"interval"
"868","rest",3,"interval"
"869","rest",3,"interval"
"870","rest",3,"interval"
"871","rest",3,"interval"
"872","rest",3,"interval"
"873","rest",3,"interval"
"874","rest",3,"interval"
"875","rest",3,"interval"
"876","rest",3,"interval"
"877","rest",3,"interval"
"878","rest",3,"interval"
"879","rest",3,"interval"
"880","rest",3,"interval"
"881","rest",3,"interval"
"882","rest",3,"interval"
"883","rest",4,"interval"
"884","rest",4,"interval"
"885","rest",4,"interval"
"886","rest",4,"interval"
"887","rest",4,"interval"
"888","rest",4,"interval"
"889","rest",4,"interval"
"890","rest",4,"interval"
"891","rest",4,"interval"
"892","rest",4,"interval"
"893","rest",4,"interval"
"894","rest",4,"interval"
"895","rest",4,"interval"
"896","rest",4,"interval"
"897","rest",4,"interval"
"898","rest",4,"interval"
"899","rest",4,"interval"
"900","rest",4,"interval"
"901","rest",4,"interval"
"902","rest",4,"interval"
"903","rest",4,"interval"
"904","rest",4,"interval"
"905","rest",4,"interval"
"906","rest",4,"interval"
"907","rest",4,"interval"
"908","rest",4,"interval"
"909","rest",4,"interval"
"910","rest",4,"interval"
"911","rest",4,"interval"
"912","rest",4,"interval"
"913","rest",4,"interval"
"914","rest",4,"interval"
"915","rest",4,"interval"
"916","rest",5,"interval"
"917","rest",5,"interval"
"918","rest",5,"interval"
"919","rest",5,"interval"
"920","rest",5,"interval"
"921","rest",5,"interval"
"922","rest",5,"interval"
"923","rest",5,"interval"
"924","rest",5,"interval"
"925","rest",5,"interval"
"926","rest",5,"interval"
"927","rest",5,"interval"
"928","rest",5,"interval"
"929","rest",5,"interval"
"930","rest",5,"interval"
"931","rest",5,"interval"
"932","rest",5,"interval"
"933","rest",5,"interval"
"934","rest",5,"interval"
"935","rest",6,"interval"
"936","rest",6,"interval"
"937","rest",6,"interval"
"938","rest",6,"interval"
"939","rest",6,"interval"
"940","rest",6,"interval"
"941","rest",6,"interval"
"942","rest",6,"interval"
"943","rest",6,"interval"
"944","rest",6,"interval"
"945","rest",6,"interval"
"946","rest",6,"interval"
"947","rest",6,"interval"
"948","rest",6,"interval"
"949","rest",6,"interval"
"950","rest",6,"interval"
"951","rest",6,"interval"
"952","rest",7,"interval"
"953","rest",7,"interval"
"954","rest",7,"interval"
"955","rest",7,"interval"
"956","rest",7,"interval"
"957","rest",7,"interval"
"958","rest",7,"interval"
"959","rest",7,"interval"
"960","rest",7,"interval"
"961","rest",7,"interval"
"962","rest",7,"interval"
"963","rest",7,"interval"
"964","rest",7,"interval"
"965","rest",7,"interval"
"966","rest",7,"interval"
"967","rest",7,"interval"
"968","rest",7,"interval"
"969","rest",7,"interval"
"970","rest",7,"interval"
"971","rest",7,"interval"
"972","rest",7,"interval"
"973","rest",7,"interval"
"974","rest",7,"interval"
"975","rest",7,"interval"
"976","rest",8,"interval"
"977","rest",8,"interval"
"978","rest",8,"interval"
"979","rest",8,"interval"
"980","rest",8,"interval"
"981","rest",8,"interval"
"982","rest",8,"interval"
"983","rest",8,"interval"
"984","rest",8,"interval"
"985","rest",8,"interval"
"986","rest",9,"interval"
"987","rest",9,"interval"
"988","rest",9,"interval"
"989","rest",9,"interval"
"990","rest",9,"interval"
"991","rest",9,"interval"
"992","rest",9,"interval"
"993","rest",10,"interval"
"994","rest",10,"interval"
"995","rest",10,"interval"
"996","rest",10,"interval"
"997","rest",10,"interval"
"998","rest",10,"interval"
"999","rest",10,"interval"
"1000","rest",10,"interval"
"1001","rest",11,"censored"
"1002","rest",11,"censored"
"1003","rest",11,"censored"
"1004","rest",11,"censored"
"1005","rest",11,"censored"
"1006","rest",11,"censored"
"1007","rest",11,"censored"
"1008","rest",11,"censored"
"1009","rest",11,"censored"
"1010","rest",11,"censored"
"1011","rest",11,"censored"
"1012","rest",11,"censored"
"1013","rest",11,"censored"
"1014","rest",11,"censored"
"1015","rest",11,"censored"
"1016","rest",11,"censored"
"1017","rest",11,"censored"
"1018","rest",11,"censored"
"1019","rest",11,"censored"
"1020","rest",11,"censored"
"1021","rest",11,"censored"
"1022","rest",11,"censored"
"1023","rest",11,"censored"
"1024","rest",11,"censored"
"1025","rest",11,"censored"
"1026","rest",11,"censored"
"1027","rest",11,"censored"
"1028","rest",11,"censored"
"1029","rest",11,"censored"
"1030","rest",11,"censored"
"1031","rest",11,"censored"
"1032","rest",11,"censored"
"1033","rest",11,"censored"
"1034","rest",11,"censored"
"1035","rest",11,"censored"
"1036","rest",11,"censored"
"1037","rest",11,"censored"
"1038","rest",11,"censored"
"1039","rest",11,"censored"
"1040","rest",11,"censored"
"1041","rest",11,"censored"
"1042","rest",11,"censored"
"1043","rest",11,"censored"
"1044","rest",11,"censored"
"1045","rest",11,"censored"
"1046","rest",11,"censored"
"1047","rest",11,"censored"
"1048","rest",11,"censored"
"1049","rest",11,"censored"
"1050","rest",11,"censored"
"1051","exp",1,"interval"
"1052","exp",1,"interval"
"1053","exp",1,"interval"
"1054","exp",1,"interval"
"1055","exp",1,"interval"
"1056","exp",1,"interval"
"1057","exp",1,"interval"
"1058","exp",1,"interval"
"1059","exp",1,"interval"
"1060","exp",1,"interval"
"1061","exp",1,"interval"
"1062","exp",1,"interval"
"1063","exp",1,"interval"
"1064","exp",1,"interval"
"1065","exp",1,"interval"
"1066","exp",1,"interval"
"1067","exp",1,"interval"
"1068","exp",1,"interval"
"1069","exp",1,"interval"
"1070","exp",1,"interval"
"1071","exp",1,"interval"
"1072","exp",1,"interval"
"1073","exp",1,"interval"
"1074","exp",1,"interval"
"1075","exp",1,"interval"
"1076","exp",1,"interval"
"1077","exp",1,"interval"
"1078","exp",1,"interval"
"1079","exp",1,"interval"
"1080","exp",1,"interval"
"1081","exp",1,"interval"
"1082","exp",1,"interval"
"1083","exp",1,"interval"
"1084","exp",1,"interval"
"1085","exp",1,"interval"
"1086","exp",1,"interval"
"1087","exp",1,"interval"
"1088","exp",2,"interval"
"1089","exp",2,"interval"
"1090","exp",2,"interval"
"1091","exp",2,"interval"
"1092","exp",2,"interval"
"1093","exp",2,"interval"
"1094","exp",2,"interval"
"1095","exp",2,"interval"
"1096","exp",2,"interval"
"1097","exp",2,"interval"
"1098","exp",2,"interval"
"1099","exp",2,"interval"
"1100","exp",2,"interval"
"1101","exp",2,"interval"
"1102","exp",2,"interval"
"1103","exp",2,"interval"
"1104","exp",2,"interval"
"1105","exp",3,"interval"
"1106","exp",3,"interval"
"1107","exp",3,"interval"
"1108","exp",3,"interval"
"1109","exp",3,"interval"
"1110","exp",3,"interval"
"1111","exp",3,"interval"
"1112","exp",3,"interval"
"1113","exp",3,"interval"
"1114","exp",3,"interval"
"1115","exp",3,"interval"
"1116","exp",3,"interval"
"1117","exp",3,"interval"
"1118","exp",3,"interval"
"1119","exp",3,"interval"
"1120","exp",4,"interval"
"1121","exp",4,"interval"
"1122","exp",4,"interval"
"1123","exp",4,"interval"
"1124","exp",4,"interval"
"1125","exp",4,"interval"
"1126","exp",4,"interval"
"1127","exp",4,"interval"
"1128","exp",4,"interval"
"1129","exp",4,"interval"
"1130","exp",4,"interval"
"1131","exp",5,"interval"
"1132","exp",5,"interval"
"1133","exp",5,"interval"
"1134","exp",5,"interval"
"1135","exp",5,"interval"
"1136","exp",5,"interval"
"1137","exp",5,"interval"
"1138","exp",5,"interval"
"1139","exp",5,"interval"
"1140","exp",5,"interval"
"1141","exp",6,"interval"
"1142","exp",6,"interval"
"1143","exp",6,"interval"
"1144","exp",6,"interval"
"1145","exp",7,"interval"
"1146","exp",7,"interval"
"1147","exp",7,"interval"
"1148","exp",7,"interval"
"1149","exp",7,"interval"
"1150","exp",7,"interval"
"1151","exp",7,"interval"
"1152","exp",7,"interval"
"1153","exp",7,"interval"
"1154","exp",7,"interval"
"1155","exp",8,"interval"
"1156","exp",8,"interval"
"1157","exp",8,"interval"
"1158","exp",8,"interval"
"1159","exp",8,"interval"
"1160","exp",8,"interval"
"1161","exp",9,"interval"
"1162","exp",9,"interval"
"1163","exp",9,"interval"
"1164","exp",9,"interval"
"1165","exp",9,"interval"
"1166","exp",9,"interval"
"1167","exp",9,"interval"
"1168","exp",9,"interval"
"1169","exp",9,"interval"
"1170","exp",9,"interval"
"1171","exp",9,"interval"
"1172","exp",10,"interval"
"1173","exp",10,"interval"
"1174","exp",10,"interval"
"1175","exp",10,"interval"
"1176","exp",10,"interval"
"1177","exp",10,"interval"
"1178","exp",11,"censored"
"1179","exp",11,"censored"
"1180","exp",11,"censored"
"1181","exp",11,"censored"
"1182","exp",11,"censored"
"1183","exp",11,"censored"
"1184","exp",11,"censored"
"1185","exp",11,"censored"
"1186","exp",11,"censored"
"1187","exp",11,"censored"
"1188","exp",11,"censored"
"1189","exp",11,"censored"
"1190","exp",11,"censored"
"1191","exp",11,"censored"
"1192","exp",11,"censored"
"1193","exp",11,"censored"
"1194","exp",11,"censored"
"1195","exp",11,"censored"
"1196","exp",11,"censored"
"1197","exp",11,"censored"
"1198","exp",11,"censored"
"1199","exp",11,"censored"
"1200","exp",11,"censored"
"1201","exp",11,"censored"
"1202","exp",11,"censored"
"1203","exp",11,"censored"
"1204","exp",11,"censored"
"1205","exp",11,"censored"
"1206","exp",11,"censored"
"1207","exp",11,"censored"
"1208","exp",11,"censored"
"1209","exp",11,"censored"
"1210","exp",11,"censored"
"1211","exp",11,"censored"
"1212","exp",11,"censored"
"1213","exp",11,"censored"
"1214","exp",11,"censored"
"1215","exp",11,"censored"
"1216","exp",11,"censored"
"1217","exp",11,"censored"
"1218","exp",11,"censored"
"1219","exp",11,"censored"
"1220","exp",11,"censored"
"1221","exp",11,"censored"
"1222","exp",11,"censored"
"1223","exp",11,"censored"
"1224","exp",11,"censored"
"1225","exp",11,"censored"
